step,epoch,learning_rate,loss,eval_loss
1,0.031746031746031744,0.0,11.2131,
2,0.06349206349206349,1.1999999999999999e-05,11.2171,
3,0.09523809523809523,2.3999999999999997e-05,11.1772,
4,0.12698412698412698,3.5999999999999994e-05,11.0991,
5,0.15873015873015872,4.7999999999999994e-05,10.8904,
6,0.19047619047619047,5.9999999999999995e-05,10.4662,
7,0.2222222222222222,7.199999999999999e-05,10.5351,
8,0.25396825396825395,8.4e-05,10.3217,
9,0.2857142857142857,9.599999999999999e-05,10.4315,
10,0.31746031746031744,0.00010799999999999998,10.0093,
10,0.31746031746031744,,,9.847514152526855
11,0.3492063492063492,0.00011999999999999999,9.7533,
12,0.38095238095238093,0.00013199999999999998,10.5049,
13,0.4126984126984127,0.00014399999999999998,9.2281,
14,0.4444444444444444,0.000156,9.0861,
15,0.47619047619047616,0.000168,8.9158,
16,0.5079365079365079,0.00017999999999999998,8.8325,
17,0.5396825396825397,0.00019199999999999998,8.5644,
18,0.5714285714285714,0.000204,8.5303,
19,0.6031746031746031,0.00021599999999999996,8.3078,
20,0.6349206349206349,0.00022799999999999999,8.2451,
20,0.6349206349206349,,,8.205181121826172
21,0.6666666666666666,0.00023999999999999998,8.222,
22,0.6984126984126984,0.00025199999999999995,8.1861,
23,0.7301587301587301,0.00026399999999999997,8.2149,
24,0.7619047619047619,0.000276,7.9869,
25,0.7936507936507936,0.00028799999999999995,8.1258,
26,0.8253968253968254,0.0003,8.0234,
27,0.8571428571428571,0.000312,8.247,
28,0.8888888888888888,0.000324,8.2629,
29,0.9206349206349206,0.000336,8.2818,
30,0.9523809523809523,0.00034799999999999995,8.1274,
30,0.9523809523809523,,,8.095205307006836
31,0.9841269841269841,0.00035999999999999997,8.1453,
32,1.0,0.000372,7.8892,
32,1.0,,,8.0014009475708
